Metric,Value
R² Score,0.9211443166980812
MAE,261233.89454675687
MSE,202958334196.83917
